OBJECTID_1,NAME,Build_Weig,Id_Folder,Name_Folde,Date,Year_Month,X,Y
146,"1-й Басманный пер., д. 3, стр. 1",1,1,"1-й Басманный пер., д. 3, стр. 1",2018-03-02,201803,37.662896,55.770717
147,"5-ая Парковая улица, 62б",1,2,5 Парковая 62б,2018-02-09,201802,37.790108,55.807885
149,,2,3,64 км Варшавского шоссе,2016-11-07,201611,37.188716,55.288915
91,Собор Василия Блаженного,2,4,Sobor,2016-02-17,201602,37.623158,55.752452
148,Алабяно-Балтийский тоннель,1,7,Алабяно-Балтийский тоннель,2018-02-12,201802,37.509498,55.805707
150,Аллея космонавтов,0,8,Аллея космонавтов обелиски,2018-08-06,201808,37.639424,55.820926
151,"Алтуфьевское шоссе, 9А",0,9,"Алтуфьевское шоссе, 9А",2018-02-15,201802,37.584247,55.853087
1,Астаховский мост,2,10,Астаховский мост,2015-09-16,201509,37.645193,55.748824
152,,8,11,Аэропорт Внуково,2017-09-06,201709,37.265692,55.596919
153,,8,12,Аэропорт Домодедово,2017-07-20,201707,37.902215,55.407757
154,,8,13,Аэропорт Жуковский,2017-06-28,201706,38.141251,55.563782
155,,8,14,Аэропорт Шереметьево,2017-10-19,201710,37.414051,55.972657
2,Белорусский вокзал,2,15,Белорусский вокзал,2015-09-04,201509,37.581535,55.776489
84,Большой и Малый Каменный мост,4,16,Большой и малый каменный мост-,2015-09-16,201509,37.613196,55.745559
86,Большой Краснохолмский мост,4,17,Большой и малый краснохолмский мост-,2015-09-16,201509,37.647391,55.73699
85,Большой и Малый Москворецкий мост,4,18,Большой и малый москворецкий мост,2015-09-16,201509,37.624475,55.749086
110,Большой театр,2,19,Большой и Малый театр,2015-07-27,201507,37.618534,55.760204
87,Большой Устьинский мост,3,20,Большой и малый Устьинский и Коммисариатский мост-,2015-08-20,201508,37.638675,55.747127
453,Боровское шоссе - МКАД,0,21,Боровское шоссе — зелень,2018-02-08,201802,37.432154,55.66179
88,Бородинский мост,3,22,Бородинский мост-,2015-10-12,201510,37.574482,55.745449
156,,4,23,БСА Лужники,2016-07-15,201607,37.553773,55.715751
157,,1,24,Ванный комплекс — Нескучный сад,2018-02-13,201802,37.58996,55.718122
72,ВДНХ - Ворота,2,25,ВДНХ - Ворота,2016-08-12,201608,37.637651,55.826252
73,ВДНХ - Главный павильон,2,26,ВДНХ - Главный павильон,2016-07-30,201607,37.633687,55.828693
158,ВДНХ - Монумент «Покорителям космоса»,3,27,ВДНХ - Монумент «Покорителям космоса»,2018-04-05,201804,37.639743,55.82268
159,ВДНХ - павильон Космос,3,28,ВДНХ - павильон Космос,2018-07-31,201807,37.620676,55.835756
160,"Волгоградский проспект, 32",2,29,Волгоградский проспект 32,2017-02-09,201702,37.694212,55.719828
161,ВТБ Арена — стадион Динамо,5,30,ВТБ Арена — стадион Динамо,2018-02-20,201802,37.563593,55.790613
457,"Автозаводская улица, 23с120",3,31,ВТБ Ледовый парк легенд,2018-01-29,201801,37.642606,55.701344
162,,0,32,Вторая очередь ТК «Город»,2017-02-09,201702,37.734656,55.729207
164,,1,33,вход в метро парк Культуры,2018-04-19,201804,37.593044,55.735184
163,,1,34,Вход в метро парк Культуры + магазин Букинист,2018-04-19,201804,37.595208,55.736068
165,,3,35,Высокопетровский монастырь,2018-02-28,201802,37.615175,55.766676
458,,0,36,Гаражи Ховрино,2017-07-25,201707,37.510684,55.86608
166,Главный вход в парк Царицыно,1,37,Главный вход в парк Царицыно,2018-06-29,201806,37.673242,55.619168
167,,2,38,Головинское шоссе,2018-01-29,201801,37.510316,55.8314
168,,1,39,Головково_Эстакада,2016-06-28,201606,36.903388,56.216619
145,Государственная дума,2,40,Гос_Дума,2017-06-14,201706,37.615784,55.757901
124,Госпитальный мост,2,41,Госпитальный мост-,2015-09-04,201509,37.692146,55.769491
169,Гостиница Москва,2,42,Гостиница Москва,2018-03-02,201803,37.617254,55.757187
170,Гостиница Пекин,3,43,Гостиница Пекин,2017-08-16,201708,37.59338,55.768649
49,Гостиница Украина,3,44,Гостиница Украина,2015-07-28,201507,37.56511,55.75128
459,Гостиный двор,2,45,Гостиный двор,2018-02-28,201802,37.625935,55.75356
171,Дворец на Миуссах,1,46,Дворец на Миуссах,2018-03-07,201803,37.592578,55.777008
125,Дворец Разумовских Тверская,1,47,Дворец Разумовских Тверская 21,2017-07-05,201707,37.60147,55.76608
172,Детский мир,2,48,Детский мир,2018-02-21,201802,37.624839,55.760149
60,Дом Пашкова,2,49,Дом Пашкова,2015-07-27,201507,37.608119,55.749849
173,,1,50,Дом Северного Страхового общества Ильинка,2018-06-22,201806,37.629125,55.75665
74,Дом Сытина,1,51,Дом Сытина,2016-06-06,201606,37.603188,55.766241
127,Дом Хитрово,1,52,Дом Хитрово Арбат 53,2016-06-08,201606,37.585846,55.747483
174,,2,53,Дом_музыки,2018-06-24,201806,37.646636,55.733174
175,,1,54,Доходный дом ул Ильинка 73с1,2018-04-04,201804,37.625687,55.755288
176,,4,55,Живописный и Хорошёвский мосты,2015-10-13,201510,37.442615,55.775788
177,,10,56,Зарядье,2017-09-21,201709,37.629216,55.751365
89,Зверев мост,2,57,Зверев мост-,2015-09-21,201509,37.639763,55.736768
245,"Изумрудная, 40",1,58,"Изумрудная, 40",2017-03-30,201703,37.690967,55.876279
250,Микрорайон Изумрудные холмы,1,59,Изумрудные холмы,2018-02-14,201802,37.271536,55.834532
463,,0,60,Исправление бага на Гоголевском бульваре,2016-11-21,201611,37.59903,55.755289
462,"Кадашёвский тупик, 3с5",0,61,Кадашевский тупик,2018-02-15,201802,37.622895,55.742783
464,,2,63,Калужское ш. реконструкция,2017-06-16,201706,37.448844,55.566044
3,Киевский вокзал,2,64,Киевский вокзал,2015-07-28,201507,37.56594,55.742868
128,Кинотеатр Октябрь,2,65,Кинотеатр Октябрь Арбат,2017-08-15,201708,37.587599,55.753083
252,"Пушкинская площадь, 2/1",2,66,Кинотеатр Пушкинский,2017-08-15,201708,37.607589,55.766284
254,Церковь Вознесения Господня,2,67,Коломенское,2017-08-30,201708,37.670656,55.667278
465,"Кольская улица, 2к4",0,68,Кольская улица_ дом 2_корпус 4,2017-02-10,201702,37.655371,55.85842
129,Комиссариатский мост,2,69,Комиссариатский мост-,2015-08-21,201508,37.635025,55.744738
4,Консерватория Большой зал,2,70,Консерватория Большой зал,2015-07-27,201507,37.604329,55.756226
240,"улица Правды, 24",2,71,Концерн газеты Правда,2018-04-22,201804,37.582698,55.787405
5,Концертный зал Чайковского,1,72,Концертный зал Чайковского,2015-07-28,201507,37.596294,55.76885
6,Костомаровский мост,3,73,Костомаровский мост,2015-10-12,201510,37.667474,55.748594
7,Котельническая набережная высотка,5,74,Котельническая набережная высотка,2015-07-27,201507,37.643193,55.746988
51,Красные ворота высотка,3,75,Красные ворота высотка,2015-07-28,201507,37.649469,55.769724
260,Красный октябрь,2,76,Красный октябрь,2018-03-07,201803,37.60916,55.740648
479,,3,77,Кремль,2015-04-10,201504,37.614905,55.750909
46,Крымская эстакада,2,78,Крымская эстакада,2015-09-16,201509,37.594227,55.735434
47,Крымский мост,4,79,Крымский мост,2015-09-16,201509,37.598335,55.73419
8,Кудринская площадь высотка,3,80,Кудринская площадь высотка,2015-07-28,201507,37.580841,55.759131
48,Курский вокзал,2,81,Курский вокзал,2015-07-28,201507,37.660727,55.757327
266,ГБОУ Гимназия № 1409,2,83,"Ленинградский пр-т, вл. 39 Школа",2017-07-06,201707,37.544319,55.788294
267,"Лесная улица, 9",2,84,Лесная 9,2018-02-13,201802,37.588251,55.77892
102,Лефортовский мост,2,85,Лефортовский и Новолефортовский мосты,2015-10-13,201510,37.685395,55.762185
268,"улица Лихоборские Бугры, 12",1,86,Лихоборские бугры,2018-02-14,201802,37.547685,55.843707
50,Лужков мост,2,87,Лужков мост,2015-09-16,201509,37.6186,55.744323
269,"Малая Сухаревская площадь, 10",1,88,"Малая Сухаревская пл., д. 10",2018-02-05,201802,37.630705,55.772427
271,"Манежная площадь, 1",2,89,Манеж,2017-01-27,201701,37.612312,55.75347
79,Маросейка 11,1,90,Маросейка 11,2016-06-07,201606,37.635702,55.757878
77,Маросейка 12,1,91,Маросейка 12,2016-06-07,201606,37.637769,55.757779
480,"улица Маросейка, 15",1,92,Маросейка 13,2016-06-07,201606,37.636858,55.758136
75,Маросейка 2,1,93,Маросейка 2,2016-06-07,201606,37.632393,55.756772
104,МГУ ГЗ,5,94,МГУ ГЗ Физфак Химфак,2015-08-12,201508,37.530711,55.70291
272,Метро Славянский бульвар,1,95,Метро Славянский бульвар,2017-12-25,201712,37.472461,55.729463
52,МИД,4,96,МИД,2015-07-27,201507,37.584458,55.746089
286,,1,97,Микрорайон Царицыно (Липецкая ул.),2018-02-05,201802,37.66428,55.605669
302,"улица Милашенкова, 3к1",1,98,Милашенкова улица - новые дома,2018-03-30,201803,37.587066,55.822449
306,"Покровский бульвар, 10",1,99,Милютинский парк,2018-02-14,201802,37.647299,55.756205
307,"Моховая улица, 11с8",1,100,Мосгоризбирком,2018-03-07,201803,37.395112,55.626066
318,"1-й Красногвардейский проезд, 15",10,101,Москва Сити,2016-11-25,201611,37.539395,55.750485
309,"набережная Тараса Шевченко, 23А",4,102,мост Багратион,2015-10-13,201510,37.546158,55.746313
54,мост Богдана Хмельницкого,4,103,мост Богдана Хмельницкого,2015-10-13,201510,37.570896,55.741365
80,Мост Лужники,4,104,Мост Лужники,2015-10-14,201510,37.560829,55.711494
327,Геологический музей,1,105,Моховая_11,2018-04-01,201804,37.612635,55.755961
328,"улица Волхонка, 14с6",1,106,Музей личных коллекций,2018-04-18,201804,37.605084,55.746587
331,Музей Отечественной войны 1812 года,1,107,Музей_войны_1812,2018-04-01,201804,37.618521,55.756231
330,"3-й микрорайон, 21",1,108,МФЦ Московский,2018-03-02,201803,37.347577,55.597345
332,Станция МЦК Андроновка,1,109,МЦК Андроновка,2017-10-23,201710,37.737223,55.746457
333,Станция МЦК Владыкино,1,110,МЦК Владыкино,2017-10-23,201710,37.59074,55.847274
336,Шарикоподшипниковский путепровод,3,111,МЦК Дубровка,2017-10-24,201710,37.679928,55.713607
338,МЦК Лихоборы,1,112,МЦК Лихоборы,2017-10-23,201710,37.552455,55.84755
489,,1,113,МЦК Локомотив,2017-10-24,201710,37.748863,55.801733
340,МЦК Соколиная гора,1,114,МЦК Соколиная гора,2017-10-23,201710,37.746035,55.770516
126,Мэрия,1,115,Мэрия Тверская 13,2016-06-08,201606,37.608663,55.761172
341,"Мясницкая улица, 11",1,116,Мясницкая 11 (ВШЭ),2017-06-30,201706,37.632463,55.761565
342,Народный парк Кожухово,0,117,Народный парк Кожухово,2016-09-04,201609,37.663286,55.701057
343,Народный парк Причальный,0,118,Народный парк Причальный,2016-09-05,201609,37.522988,55.751509
270,"Большая Сухаревская площадь, 3с1",2,119,"НИИ им. Склифосовского (Б. Сухаревская пл.,3)",2018-04-05,201804,37.635176,55.773161
344,Андреевский мост,3,120,Новоандреевский мост,2018-07-03,201807,37.577632,55.714081
55,Новоарбатский мост,4,121,Новоарбатский мост,2015-10-12,201510,37.573362,55.752375
345,"Чечёрский проезд, 122к1",1,122,Новое Бутово,2018-02-06,201802,37.514579,55.525515
350,"Троицкая улица, 1",1,123,Новое Павлино,2018-02-07,201802,37.972932,55.727414
348,"Троицкая улица, 4",1,123,Новое Павлино,2018-02-07,201802,37.975538,55.727984
349,"Троицкая улица, 5",1,123,Новое Павлино,2018-02-07,201802,37.977045,55.727732
346,"Троицкая улица, 2",1,123,Новое Павлино,2018-02-07,201802,37.974144,55.727628
347,"Троицкая улица, 3",1,123,Новое Павлино,2018-02-07,201802,37.97412,55.728876
56,Новоспасский мост,4,124,Новоспасский мост,2015-09-16,201509,37.654467,55.728992
351,"Новоясеневский проспект, 1Ас2",2,125,"Новоясеневский проспект, 1",2018-02-16,201802,37.508071,55.618809
134,Новый Арбат 6 - высотка,2,126,"Новый Арбат 6, 10,16, 22, 26 - высотки",2016-06-08,201606,37.596564,55.753274
141,Новый Арбат книжки 4,2,127,Новый Арбат книжки,2016-06-10,201606,37.585602,55.751902
352,"улица Ильинка, 11/10с1",1,128,"общество Акрос (улица Ильинка, 1110с1)",2018-04-04,201804,37.627159,55.75583
353,"Кутузовская улица, 9",1,129,Одинцовский район мкр Кутузовский,2016-06-29,201606,37.326052,55.703372
354,Храм Александра Невского,1,130,Олимпийский парк,2017-12-14,201712,37.481837,55.679092
356,Концертный зал Олимпийский,3,131,"Олимпийский — СК, бассейн, мечеть, здание",2018-02-28,201802,37.626426,55.781037
108,Музей Тургенева,1,132,Оперный центр Вишневской и музей Тургенева,2015-07-28,201507,37.596115,55.738719
359,"Орловский переулок, 1",2,133,Орловский переулок вл1,2018-02-08,201802,37.626189,55.784846
57,Останкинская телебашня,10,134,Останкинская телебашня,2015-07-28,201507,37.611687,55.819703
360,"Ленинградский проспект, 32/2",2,135,Отель Советский,2018-03-17,201803,37.56975,55.784813
362,Станция метро Филёвский парк,0,136,Открытые станции Филевской линии,2018-02-14,201802,37.483276,55.739527
364,Охотничий домик,0,137,Охотничий домик — Нескучный сад,2018-02-13,201802,37.58381,55.714579
58,Павелецкий вокзал,1,138,Павелецкий вокзал,2015-07-28,201507,37.639567,55.72971
366,,0,139,Павильоны на Новом Арбате,2018-02-12,201802,37.590807,55.75236
368,,0,140,Павильоны на Тверской площади,2018-02-12,201802,37.609807,55.762
372,Памятник Героям Плевны,1,141,Памятник Героям Плевны,2017-09-12,201709,37.631213,55.756649
374,Памятник Основателю Москвы Юрию Долгорукому,1,142,Памятник Долгорукому и храм в Столешниковом,2017-08-22,201708,37.610098,55.761827
375,В. Маяковский,1,143,Памятник Маяковскому,2018-03-01,201803,37.595754,55.769618
376,Памятник Минину и Пожарскому,0,144,Памятник Минину и Пожарскому,2017-09-12,201709,37.622713,55.752763
377,Памятник Окуджаве,1,145,Памятник Окуджаве Арбат,2018-08-22,201808,37.58789,55.748136
258,Памятник 300-летию Российского флота,3,146,Памятник Петру I,2018-02-21,201802,37.608349,55.738674
378,Памятник_Жукову,1,147,Памятник_Жукову,2018-04-09,201804,37.616873,55.755783
379,"улица Крымский Вал, 9с9",1,148,Парк Горького - входная группа,2018-07-23,201807,37.603407,55.731431
383,"улица Крымский Вал, 9с45",1,149,Парк Горького - дирекция,2017-08-21,201708,37.600886,55.732614
384,Музей Конный двор,2,150,Парк Кузьминки,2017-12-13,201712,37.784316,55.689536
386,"Большой Патриарший переулок, 7с1",0,151,Патриаршие пруды — домик,2018-01-30,201801,37.59341,55.763533
59,Патриарший мост,4,152,Патриарший мост,2015-10-09,201510,37.610165,55.742723
387,платформа Перерва,0,153,Перерва,2018-02-08,201802,37.716336,55.660927
388,"Малая Семёновская улица, 28с19",1,154,Персей Семеновская,2018-04-04,201804,37.715166,55.784253
389,Петровский путевой дворец,2,155,Петровский путевой дворец,2018-02-21,201802,37.552086,55.793464
131,Московский Планетарий,2,156,Планетарий,2016-08-15,201608,37.583626,55.76125
390,Детский сад № 55 Кузнечик,0,157,"Подольск, ул. Генерала Смирнова, 8 дс55 Кузнечик",2018-02-06,201802,37.48625,55.416472
391,Музей Победы,2,158,Поклонная гора,2018-03-19,201803,37.504523,55.730741
393,"Новая площадь, 3/4",2,159,Политехнический музей,2018-03-01,201803,37.629585,55.757723
394,,1,160,Путепровод в Щербинке,2017-06-02,201706,37.56164,55.508712
395,Памятник А. С. Пушкину,1,161,Пушкин_Памятник,2017-08-16,201708,37.605494,55.765357
109,Пушкинский Андреевский мост,4,162,Пушкинский андреевский мост,2015-09-16,201509,37.592715,55.724373
396,ГМИИ имени А.С. Пушкина,2,163,Пушкинский музей,2018-02-22,201802,37.605129,55.747277
397,Храм Священномученика Климента,1,164,Пятницкая-31с2_Храм Климента,2018-03-01,201803,37.627171,55.740692
142,Развязка Ленинградское-МКАД,5,165,развязка ленинградское-МКАД,2015-04-10,201504,37.448792,55.881156
399,,0,166,Развязка МКАД и Волгоградского,2018-02-12,201802,37.830661,55.686914
143,Развязка Рублевское-МКАД,5,167,развязка рублевское-МКАД,2015-07-27,201507,37.371177,55.767139
400,,2,168,Развязка ш. Энтузиастов - СВ хорда,2017-10-23,201710,37.744946,55.753828
404,"улица Расплетина, 21",2,169,Расплетина 21,2018-01-29,201801,37.481795,55.798317
401,Российский государственный архив социально-политичес,1,170,РГАСПИ,2016-09-21,201609,37.612274,55.762534
402,"улица Арбат, 2/1",1,171,Ресторан Прага Арбат,2018-05-07,201805,37.599501,55.752406
61,Рижский вокзал,1,172,Рижский вокзал,2015-07-28,201507,37.632588,55.79288
62,Савеловский вокзал,1,173,Савеловский вокзал,2015-07-28,201507,37.588166,55.794345
403,Старый сиреневый сад Л.А. Колесникова,0,174,Сад Колесникова,2016-09-05,201609,37.508986,55.796232
63,Садовнический мост,2,175,Садовнический мост,2015-09-16,201509,37.630559,55.745832
405,,4,176,Саларьево,2018-02-07,201802,37.417055,55.620385
406,"МКАД, 65-й километр, вл1",3,177,Синдикат 65 км МКАД,2018-02-15,201802,37.381817,55.807159
408,"Большой Саввинский переулок, 12с8",1,178,Сохо и ТЭЦ,2018-03-02,201803,37.562257,55.732598
81,Стадион Локомотив,3,179,Стадион Локомотив,2017-10-24,201710,37.741218,55.803513
82,Стадион Открытие Арена Спартак,3,180,Стадион Открытие Арена Спартак,2017-06-09,201706,37.440364,55.817857
144,стадион ЦСКА,3,181,Стадион ЦСКА,2016-07-12,201607,37.516181,55.791048
64,Сухаревская эстакада,2,182,Сухаревская эстакада,2015-09-16,201509,37.620378,55.773647
410,"Тверская улица, 28к2",2,183,Тверская улица 26 28 30,2018-03-05,201803,37.598912,55.769346
414,"Тверская улица, 8",2,184,"Тверская, 8",2017-08-21,201708,37.60953,55.762326
415,Площадь Тверская Застава,2,185,Тверской путепровод и пл. Тверская Застава,2017-08-23,201708,37.583548,55.776942
65,Театр на Таганке,1,186,Театр на Таганке,2015-07-28,201507,37.65383,55.743244
66,Театр Российской Армии,1,187,Театр Российской Армии,2015-07-28,201507,37.613851,55.782788
416,Московский академический театр сатиры,1,188,Театр Сатиры,2018-04-15,201804,37.59546,55.768305
67,Тессинский мост,2,189,Тессинский мост,2015-09-24,201509,37.648691,55.749373
506,,0,191,Третья Магистральная улица,2018-02-06,201802,37.52434,55.760808
68,Третьяковская галерея,2,192,Третьяковская галерея,2015-07-28,201507,37.62025,55.741341
417,,0,193,Трехгорка,2017-01-23,201701,37.336269,55.695346
113,Гостиница Ленинградская,3,194,Три вокзала и гостиница Ленинградская,2015-07-28,201507,37.65153,55.774022
69,Триумф-Палас,4,195,Триумф-Палас,2015-07-28,201507,37.520726,55.798232
418,ТРЦ Гагаринский,2,196,ТЦ Гагаринский,2017-02-10,201702,37.592172,55.706951
419,Метрополис,3,197,ТЦ Метрополис и МЦК Балтийская,2017-10-23,201710,37.497287,55.823386
421,"Славянский бульвар, вл3",2,198,ТЦ Океания,2017-12-25,201712,37.476673,55.727925
423,"Семёновская площадь, 1",1,199,ТЦ Семеновский,2016-09-05,201609,37.721097,55.782871
422,"Хорошёвское шоссе, 27",2,200,ТЦ Хорошо,2016-09-04,201609,37.523666,55.777022
424,"улица Ильинка, 5/2",1,201,ул Ильинка 5_2,2018-04-08,201804,37.624785,55.754974
425,"улица Ильинка, 8с2",1,202,ул Ильинка 8с2,2018-04-18,201804,37.626677,55.755025
426,"улица Ильинка, 6/1с1",1,203,улица Ильинка 6_1с1,2018-04-18,201804,37.62624,55.754626
427,"Мантулинская улица, вл5",1,204,Усадьба Студенец,2017-08-23,201708,37.55389,55.75316
428,,2,205,Фирcановка_Эстакада,2016-06-28,201606,37.258617,55.956275
429,"Старая Басманная улица, 16/1",1,206,Храм Великомученика Никиты на Старой Басманной,2017-08-31,201708,37.661845,55.765672
508,Успенская звонница,0,207,Храм Князь Владимир,2016-11-09,201611,37.618191,55.750915
430,Храм Святого праведного Иоанна Русского,1,208,Храм на углу Ярцевской и Молодогвардейской ул,2018-02-08,201802,37.405215,55.734365
509,,0,209,Храм Святителя Николая на Болвановке,2017-09-29,201709,37.653301,55.742477
431,Храм Святителя Николая на Болвановке,1,209,Храм Святителя Николая на Болвановке,2017-09-29,201709,37.652622,55.742758
76,Храм Святителя Николая Чудотворца в Кленниках,2,210,Храм Святителя Николая Чудотворца в Кленниках,2016-06-06,201606,37.632117,55.757496
78,Храм Святых Бессребреников Космы и Дамиана,2,211,Храм Святых Бессребреников Космы и Дамиана,2018-09-19,201809,37.638496,55.757867
70,Художественный,1,212,Художественный,2015-07-28,201507,37.602017,55.752383
432,Музей-заповедник Царицыно,5,213,Царицыно_комплекс_зданий,2017-02-07,201702,37.682497,55.615862
433,Центральный дом Художника,2,214,ЦДХ,2017-08-15,201708,37.605674,55.734998
434,Храм Рождества Пресвятой Богородицы на Кулишках,1,215,Церковь Богородицы на Солянке,2018-05-06,201805,37.63989,55.752877
435,Храм преподобного Симеона Столпника на Поварской,1,216,Церковь Симеона Столпника на Поварской,2017-11-30,201711,37.597003,55.753346
436,Центральная Избирательная Комиссия России,1,217,ЦИК,2017-02-10,201702,37.626579,55.757575
117,Цирк на Вернадского,2,218,Цирк на вернадского,2015-07-28,201507,37.540287,55.694404
118,Чугунный мост,2,219,Чугунный мост-,2015-09-16,201509,37.6262,55.746224
71,Шаболовская телебашня,3,220,Шаболовская телебашня,2015-07-28,201507,37.61158,55.717325
83,Шелепихинский мост,3,221,Шелепихинский мост,2015-10-14,201510,37.516786,55.753526
119,Шлюзовой мост,2,222,Шлюзовой мост-,2015-09-16,201509,37.648846,55.731357
120,Электрозаводский мост,2,223,Электрозаводский мост-,2015-10-13,201510,37.699366,55.782705
437,,3,224,Ясный проезд,2018-01-30,201801,37.633174,55.874033
123,Высокояузский мост,2,225,Высокояузский мост,2015-10-09,201510,37.655893,55.750435
201,Зелёный театр,1,226,Зеленый_театр,2018-07-04,201807,37.61752,55.831458
200,"ул. Моховая, 12",1,227,Моховая_12,2018-04-21,201804,37.610587,55.751483
199,Храм иконы Божией Матери «Всех скорбящих Радость»,1,228,Скорбященский_храм_на_Ордынке,2018-07-02,201807,37.624446,55.741481
198,Покровская церковь Марфо-Мариинской обители на Большо,1,229,Покровский_храм_на_Ордынке,2018-07-05,201807,37.623245,55.73765
197,Дворец Шереметевых в Кусково,2,230,усадьба Кусково,2018-05-18,201805,37.807565,55.735255
193,Останкинский дворец,2,231,Усадьба Останкино,2018-05-02,201805,37.61464,55.824941
192,Триумфальная арка,2,232,триумфальная_арка,2018-06-24,201806,37.520002,55.736804
190,"городок имени Баумана, 2",1,233,усадьба_измайлово,2018-05-08,201805,37.7617,55.791209
181,Храм святителя Николая в Пыжах,1,234,Храм святителя Николая в Пыжах,2018-05-08,201805,37.624932,55.738865
180,Москвариум,3,235,Москвариум,2018-06-23,201806,37.618462,55.832827
179,Храм Иверской иконы Божьей Матери на Всполье,1,236,Храм Иверской Иконы на Ордынке,2018-07-02,201807,37.624658,55.736273
229,Апраксинский дворец,2,237,Апраксинский дворец,2018-05-06,201805,37.648077,55.759428
231,Фонтан в Сокольниках,1,238,Фонтан в Сокольниках,2018-05-08,201805,37.676554,55.794601
178,,1,239,Храм Живоначальной Троицы в Листах,2018-05-10,201805,37.631884,55.771702
228,Особняк Морозовой,2,240,Особняк Морозова,2018-06-29,201806,37.603588,55.753246
227,Галерея Глазунова,2,241,Галерея Глазунова,2018-06-30,201806,37.606745,55.746385
226,Дом культуры на ВДНХ,1,242,ВДНХ - Дом культуры,2018-07-03,201807,37.635667,55.832797
225,Совет Федерации Федерального Собрания РФ,3,243,совет_федерации,2018-07-03,201807,37.612451,55.764534
224,"Кунцевская улица, 17",2,244,Кунцевская 17,2018-07-03,201807,37.414702,55.729693
223,"Большая Садовая улица, 10",1,245,Большая Садовая 10,2018-07-23,201807,37.593352,55.767189
222,Ленинская библиотека,2,246,Ленинская библиотека,2018-08-01,201808,37.609298,55.751257
218,,1,247,Ленинградское_шоссе_69,2018-07-09,201807,37.456818,55.867883
438,,1,248,Эстакада на ул Толбухина,2018-07-11,201807,37.403808,55.726943
233,Мост имени 1905 года (Горбатый мост),1,249,Горбатый мост,2018-07-13,201807,37.576075,55.755452
439,"улица Воздвиженка, 8/1с1",1,250,Усадьба Разумовского,2018-07-15,201807,37.607203,55.752881
211,ГЭС-1 им. П. Г. Смидовича,2,251,ГЭС №1 (Раушская наб_ 10),2018-07-23,201807,37.630566,55.748014
210,"Никольская улица, 5/1с3",1,252,Никольская улица_5_1с3,2018-07-24,201807,37.619564,55.755791
209,"Мясницкая улица, 21с1",1,253,Мясницкая ул_21-стр1,2018-08-10,201808,37.635808,55.76443
234,Храм Иоанна Богослова,2,254,"Храм Иоанна Богослова (Новая площадь, 12)",2018-07-26,201807,37.627788,55.757566
230,Дом с Атлантами,1,255,Дом с Атлантами,2018-07-28,201807,37.640409,55.752429
232,Дом Наркомфина,2,256,Дом Наркомфина,2018-08-04,201808,37.581474,55.756946
208,Дом Союзов,2,257,дом_союзов,2018-08-28,201808,37.616448,55.75889
207,Доходный дом А.М. Михайлова,2,258,"Доходный дом михайлова (Б Дмитровка, 9)",2018-08-14,201808,37.61406,55.761452
206,"Старая площадь, 6с1",2,259,Библиотека Администрации Президента (Старая пл),2018-08-11,201808,37.631484,55.754474
205,Собор Рождества Богородицы,1,260,Рождественский_монастырь,2018-08-12,201808,37.624462,55.76587
204,Дом князя Волконского,2,261,Дом_Волконского,2018-08-12,201808,37.604762,55.752547
203,Центральный универсальный магазин,3,262,ЦУМ,2018-08-17,201808,37.619775,55.760775
461,"ул. Покровка, 44",1,263,"Доходный дом МКО (улица Покровка, 44)",2018-09-11,201809,37.653987,55.762826
202,Храм Флора и Лавра,1,264,Храм_Флора_и_Лавра,2018-08-18,201808,37.637842,55.728394
440,Церковь Воскресения Словущего в Барашах,1,265,"Церковь Воскресения Словущего в Барашах (Барашёвский пер, 126)",2018-08-22,201808,37.649245,55.759834
442,Кинотеатр Круговая кинопанорама,1,266,Круговая кинопанорама,2018-08-24,201808,37.629864,55.827074
443,"Ермолаевский переулок, 9",1,267,Патрики,2018-10-03,201810,37.59067,55.764574
513,Мясницкая 3,1,268,Мясницкая 3,2018-08-25,201808,37.629757,55.760184
441,"Георгиевский переулок, 3/3",1,269,Новый Манеж,2018-08-28,201808,37.615354,55.759466
511,,1,270,Южное Бутово,2018-08-30,201808,37.525517,55.540023
512,"улица Петровка, 38 МВД",2,271,Петровка_38,2018-09-01,201809,37.61314,55.76991
445,Эстакада,2,272,Маршала Савицкого 2,2018-09-03,201809,37.574707,55.508403
446,ГБОУ Романовская школа,1,273,ГБОУ Романовская школа,2018-09-07,201809,37.582232,55.77281
447,Телеграф,2,274,Телеграф,2018-09-07,201809,37.61105,55.758302
448,Избирательная_Комиссия_МО,2,275,Избирательная_Комиссия_МО,2015-09-08,201509,37.390379,55.803413
449,Штаб_Собянина_Покровка_47,1,276,Штаб_Собянина_Покровка_47,2018-09-08,201809,37.654064,55.763614
451,Штаб_Кумина_Пушкинская_пл_5,1,277,Штаб_Кумина_Пушкинская_пл_5,2018-09-08,201809,37.605448,55.766278
452,Берсеневсий пер 3,1,278,Берсеневсий пер 3,2018-09-08,201809,37.609972,55.741451
450,Штаб_Дегтярёва_Басманная_3,1,279,Штаб_Дегтярёва_Басманная_3,2018-09-08,201809,37.656097,55.764873
556,"улица Петровка, 14с1",2,280,Усадьба_Раевских,2018-10-07,201810,37.618362,55.763265
514,"Ленинградский проспект, 15с1",1,281,Фабрика Большевик,2018-10-05,201810,37.572054,55.781601
515,"Большая Филёвская улица, 22с14",1,282,Сцена_Фили,2018-12-18,201812,37.485595,55.748955
516,"Новослободская улица, 45с2",2,283,Бутырская_тюрьма,2018-12-19,201812,37.593985,55.784466
517,,1,284,Стадион Олимп,2018-12-20,201812,37.87457,55.746762
518,"улица Большая Ордынка, 17с1",0,285,Памятник Ахматовой,2018-12-20,201812,37.625304,55.742385
520,ЖК Битцевский,1,286,Красного Маяка,2018-12-23,201812,37.577521,55.61186
519,"4-й Добрынинский переулок, 1/9к1А",2,287,Морозовская больница,2018-12-24,201812,37.618722,55.724419
522,,3,288,Мост в Дубне,2018-12-27,201812,37.158522,56.743877
524,"Мясницкая ул., 19",2,289,Чайный магазин Перлова,2018-12-27,201812,37.63548,55.764056
526,"Южнопортовая улица, 37А",1,290,Парковка в Печатниках,2018-12-28,201812,37.716811,55.696773
530,"Кузнецкий мост, 12",1,291,"Кузнецкий мост, 12",2019-01-09,201901,37.621145,55.761647
525,Кинотеатр Ударник,2,292,"ул. Серафимовича, д. 2, корп. 8",2019-01-02,201901,37.614024,55.743122
527,Посольство Сирийской Арабской Республики,1,293,"Мансуровский переулок, 4с1",2019-01-11,201901,37.59518,55.739833
531,"Летняя ул., 1с1",1,294,"Летняя,1с1",2019-01-09,201901,37.74306,55.688478
555,"проспект Мира, 16с1",1,295,Мещанский отдел ЗАГС,2019-01-28,201901,37.632721,55.775655
537,мемориальный комплекс Штыки,1,296,Штыки мемориал,2019-01-12,201901,37.208712,56.01453
528,Тифлисский дворик,1,297,"Мансуровский переулок, 2",2019-01-11,201901,37.595618,55.739727
529,Памятник Грибоедову на Чистых Прудах,1,298,Памятник Грибоедову,2019-01-11,201901,37.639453,55.764421
536,"Ленинский проспект, 4",2,299,МИСиС_Корпус_Б,2019-01-26,201901,37.609127,55.728197
532,"проспект Мира, 13с1",1,300,Дом_призрения,2019-01-20,201901,37.631768,55.776508
533,Тушинский тоннель,3,301,Тушинский тоннель,2019-01-21,201901,37.452254,55.819395
542,Остоженка 49,1,302,Остоженка_49,2019-02-09,201902,37.595733,55.737648
539,"Ботаническая улиица, 4с6",1,303,Фондовая_оранжерея,2019-02-10,201902,37.595174,55.83509
541,"Пятницкая улица, 1/2с1",1,304,Особняк_Смирнова,2019-02-18,201902,37.626964,55.745806
538,Славянская площадь,0,305,Славянская площадь,2019-02-20,201902,37.634162,55.753924
549,,1,306,"Посольство Греции (Леонтьевский переулок, 4)",2019-02-23,201902,37.602507,55.758569
540,Спасо-Андроников монастырь,1,307,Спасский собор Спасо-Андроникова монастыря,2019-02-22,201902,37.670819,55.749261
550,,1,308,Усадьба_Голицыных,2019-02-22,201902,37.635482,55.761513
551,"улица Солянка, 14с3",1,309,Опекунский совет,2019-02-24,201902,37.639825,55.751978
544,"Изюмская улица, 53к3",1,310,Изюмская,2019-02-26,201902,37.567271,55.544128
546,"улица Красных Зорь, 59Б",1,311,Красных Зорь 59б,2019-02-26,201902,37.430502,55.725874
547,"Гжатская улица, 16к1",1,312,Гжатская 16,2019-02-26,201902,37.43508,55.715389
548,"Пятницкая улица, 33-35с1",1,313,Особняк Коробкова,2019-03-12,201903,37.628649,55.739375
552,"улица Воздвиженка, 5/25",1,314,музей_архитектуры_Щусева,2019-03-17,201903,37.60719,55.752381
553,"улица Остоженка, 53А",1,315,Наркологический диспансер №1,2019-03-19,201903,37.59553,55.736548
554,"проспект Мира, 43",1,316,Особняк Кузнецова,2019-03-19,201903,37.633321,55.782209
570,,1,317,Павильон у Патриарших прудов,2019-03-20,201903,37.592706,55.763436
557,Посольство Франции,1,318,Посольство Франции,2019-03-23,201903,37.612987,55.732754
558,"улица Серафимовича, д. 2",3,319,Театр Эстрады,2019-03-29,201903,37.612199,55.744349
571,,2,320,Театр Станиславского,2019-04-08,201904,37.610508,55.764552
572,,1,321,Дубравная 53,2019-04-08,201904,37.350247,55.839541
574,,1,322,Дмитрия Ульянова 45,2019-04-18,201904,37.595676,55.680928
575,"ул. Большая Дмитровка, 6",1,323,Театр оперетты,2019-04-29,201904,37.616307,55.760179
579,,1,324,Посольство Германии,2019-05-13,201905,37.588247,55.75703
577,,2,325,Типография_Сытина,2019-04-30,201904,37.626436,55.731058
576,,0,326,Национальный космический центр,2019-04-25,201904,37.490319,55.757604
578,"Мосфильмовская улица, 1",2,327,Мосфильм,2019-05-01,201905,37.532497,55.72233
580,"улица Гастелло, 44с1",1,328,Дворец_Елизаветы,2019-05-20,201905,37.695107,55.782389
581,"Ангарская улица, 57к1",2,329,Ангарская 57,2019-05-27,201905,37.527597,55.883051
582,,3,330,Измайловский кремль,2019-05-28,201905,37.750334,55.794276
583,"улица Остоженка, 1/9",1,331,"Остоженка, 1",2019-06-13,201906,37.60234,55.743984
586,,1,332,ТПУ Стрешнево,2019-06-17,201906,37.492826,55.81513
593,,1,333,Пятницкая_13с2,2019-08-13,201908,37.628635,55.743609
601,СВХ_04,2,334,Северо-восточная хорда,2019-10-01,201910,37.745825,55.784354
604,СВХ_06,2,334,Северо-восточная хорда,2019-10-08,201910,37.806221,55.721482
589,СВХ_02,2,334,Северо-восточная хорда,2019-07-22,201907,37.542879,55.852554
590,СВХ_03,2,334,Северо-восточная хорда,2019-08-05,201908,37.7365,55.814765
588,СВХ_01,2,334,Северо-восточная хорда,2019-07-09,201907,37.487289,55.881272
591,,2,335,ТРЦ Золотой Вавилон,2019-08-03,201908,37.602289,55.863454
587,,1,336,Дом НВ Гоголя,2019-08-05,201908,37.599783,55.754134
594,,3,337,Долгие пруды,2019-08-20,201908,37.541796,55.931034
598,,5,338,Жуковский,2019-08-21,201908,38.116927,55.606332
599,,1,339,Большой Харитоньевский переулок_21с4,2019-09-08,201909,37.649648,55.766331
592,"Химкинский бульвар, вл7-23",3,340,ТЦ Калейдоскоп,2019-09-04,201909,37.444437,55.850482
600,"Ул. Спиридоновка, 30/1",1,341,Дом Тарасова,2019-09-11,201909,37.591065,55.762443
602,,1,342,ГЭС 2_Болотная набережная 15 корп1,2019-09-20,201909,37.612687,55.742781
605,Героям Первой мировой войны,1,343,Солдат,2019-10-14,201910,37.515876,55.734716
606,Памятник Ю.А.Гагарину,2,344,Гагарин,2019-10-16,201910,37.582714,55.708223
603,"Люблинская улица, 149",1,345,Дворец Культуры Астахова,2019-10-23,201910,37.742818,55.663497
607,,1,346,Усдьба ботанического сада,2019-10-25,201910,37.597021,55.834071
608,"Нахимовский проспект, 51/21",1,347,Библиотека ИНИОН,2019-11-08,201911,37.5638,55.67614
609,"улица Покровка, 13с1",2,348,Храм Троицы,2019-11-25,201911,37.644435,55.759431
610,"ул. Заречье, 7",1,349,Футбольный комплекс,2019-11-28,201911,37.773608,55.68929
611,,0,350,Ходынское поле,2019-11-28,201911,37.529629,55.786861
621,СЗХ_01,5,351,Северо-западная хорда,2020-01-27,202001,37.418836,55.702401
622,СЗХ_02,5,351,Северо-западная хорда,2020-01-29,202001,37.469712,55.769474
623,СЗХ_03,3,351,Северо-западная хорда,2020-01-30,202001,37.521266,55.817461
613,,4,352,Рабочий и колхозница,2019-12-31,201912,37.646428,55.828268
615,,1,353,Здания на Арбате,2020-01-14,202001,37.589693,55.748772
617,,6,354,Остров мечты,2020-01-15,202001,37.676674,55.694541
618,,3,355,Artplay,2020-01-16,202001,37.670047,55.753022
624,,1,356,Ленинградский проспект 18А,2020-01-31,202001,37.57708,55.782202
625,,0,357,Боткинская больница,2020-02-04,202002,37.552785,55.780999
628,,5,358,Южный дублер Кутузовского проспекта,2020-02-05,202002,37.469922,55.703601
629,,3,359,Станция Окружная,2020-02-13,202002,37.573438,55.847934
633,,3,360,ТЦ Колумбус,2020-03-24,202003,37.606979,55.612151
634,,4,361,Кожуховский_мост,2020-04-02,202004,37.68153,55.694769
638,,1,362,Скаковая_улица_3,2020-05-14,202005,37.566859,55.783311
640,усадьба боткиных,1,363,Усадьба_Боткиной,2020-06-11,202006,37.64813,55.759992
637,Храм Тихвинской Иконы Божией Матери в Алексеевском,2,364,Храм_в_Алексеевском,2020-06-09,202006,37.64422,55.818096
639,Храм Троицы живоначальной в Вишняках,2,365,Храм_в_Вишняках,2020-06-09,202006,37.628295,55.735838
649,,2,366,Развязка_Ленинский_Вернадского,2020-06-11,202006,37.482148,55.650269
650,Церковь Успения Пресвятой Богородицы в Печатниках,2,367,Успенская_церковь,2020-06-17,202006,37.631095,55.767018
651,Главное архивное управление Москвы,3,368,Главное_архивное_управление_Москвы,2020-06-18,202006,37.539125,55.65833
652,усадьба черткова,2,369,Усадьба_Черткова,2020-06-24,202006,37.630775,55.76053
670,"2-я Бауманская ул., 3",3,370,Лефортовский_дворец,2020-07-01,202007,37.685105,55.767958
669,,6,371,Савеловская_площадь,2020-06-30,202006,37.587839,55.793004
675,,10,372,Савеловский_Сити,2020-07-03,202007,37.591069,55.803781
676,"Ленинградское ш., 73",1,373,Ленинградское_шоссе_73,2020-07-15,202007,37.445851,55.879277
677,"г. Химки, Ленинградское шоссе, д. 4",3,374,ТЦ_Торжок,2020-07-15,202007,37.438287,55.881964
678,"Ижорская ул., д. 9",5,375,ТЭЦ_21,2020-07-26,202007,37.506669,55.891489
697,"Монтажная ул., д. 1/4",5,376,ТЭЦ_23,2020-07-27,202007,37.77079,55.821631
698,"ЭНЕРГЕТИКОВ УЛ., д. 5",5,377,ТЭЦ_22,2020-07-28,202007,37.817118,55.634575
699,"Дорохова генерала ул., д. 16",5,378,ТЭЦ_25,2020-07-29,202007,37.44614,55.694789
708,"Востряковский пр., д. 10",5,379,ТЭЦ_26,2020-07-29,202007,37.630065,55.577448
716,"улица Саляма Адиля, 7с4",1,380,ГКБ_67,2020-07-30,202007,37.464968,55.774104
717,"Вавилова ул., д. 13а",5,381,ТЭЦ_20,2020-07-30,202007,37.585334,55.699978
718,"Мытищинский р-н, пос. Челобитьево",5,382,ТЭЦ_27,2020-07-31,202007,37.688512,55.914352
729,"Остаповский пр., д. 1",5,383,ТЭЦ_8,2020-07-31,202007,37.696189,55.724053
730,"Ленинская Слобода ул., д. 23",3,384,ТЭЦ_9,2020-08-03,202008,37.650256,55.705064
731,"Хорошевская 3-я ул., д. 14",5,385,ТЭЦ_16,2020-08-04,202008,37.502246,55.782624
746,"Энтузиастов шоссе, д. 32",5,386,ТЭЦ_11,2020-08-04,202008,37.730535,55.752784
747,"Ленинский проспект, 32А",4,387,РАН,2020-08-04,202008,37.577725,55.710781
752,"Новодевичий проезд, 1с5",10,388,Новодевичий_монастырь,2020-08-07,202008,37.556231,55.726036
753,Сетунь,0,389,Долина_реки_Сетунь,2020-08-27,202008,37.469962,55.71399
754,"Краснопресненская набережная, 2",3,390,Дом_Правительства,2020-08-28,202008,37.573385,55.755
755,,6,391,Развязка_МКАД_Алтуфьевское,2020-09-10,202009,37.588454,55.909808
756,,4,392,ЖК_Павлова,2020-09-15,202009,37.407339,55.7437
757,"ул. Земляной Вал, 70 строение 1",1,393,Гостиница_Movenpick,2020-09-30,202009,37.654523,55.744534